User_ID,Name,Email,Password,canModify,isBlocked,isDeleted
UserID-1734179562989,Tester,tester@gmail.com,MTIzNDU2Nzg=,false,false,false
UserID-1734257599950,Tester2,tester2@gmail.com,MTIzNDU2Nzg=,false,false,false
UserID-1734350596046,Tester3,tester3@gmail.com,MTIzNDU2Nzg=,false,false,false
UserID-1734355976588,Tester4,tester4@gmail.com,YXNkZmdoamts,false,false,false
UserID-1734492432127,hello,hello@gmail.com,SGVsbG9AMTIz,false,false,false
UserID-1734499557031,sts,sts@gmail.com,U2FudGhpQDEyMw==,false,false,false
UserID-1734522924610,sabari,sabari@gmail.com,U2FiYXJpMTIzQA==,false,false,false
UserID-1734610623669,Tester6,tester6@gmail.com,VGVzdGVyMTIzQCQ=,false,false,false

